<?xml version="1.0"?>
<doc>
    <assembly>
        <name>Temporary directory analysis</name>
    </assembly>
    <members>
        <member name="M:Temporary_directory_analysis.Project.Windows_Gis.Getjson(System.String)">
            <summary>
            获取到模型路径及值
            </summary>
            <returns></returns>
        </member>
        <member name="M:Temporary_directory_analysis.Project.Windows_Gis.GetFile(System.String,System.Boolean)">
            <summary>
            获得目录下所有文件或指定文件类型文件地址  isFullName是确定文件名称还是路径
            </summary>
        </member>
        <member name="M:Temporary_directory_analysis.Project.Windows_Gis.Getbuild(System.String[],System.String)">
            <summary>
            转换格式
            </summary>
            <param name="filename">数据源</param>
            <param name="name">名称</param>
            <returns></returns>
        </member>
        <member name="M:Temporary_directory_analysis.Project.Windows_Gis.GetZtrees(System.Collections.Generic.List{Temporary_directory_analysis.Project.Build})">
            <summary>
            转换成ztree格式
            </summary>
            <param name="builds"></param>
            <returns></returns>
        </member>
        <member name="M:Temporary_directory_analysis.Project.Linux_Gis.Getjson(System.String)">
            <summary>
            获取到模型路径及值
            </summary>
            <returns></returns>
        </member>
        <member name="M:Temporary_directory_analysis.Project.Linux_Gis.GetFile(System.String,System.Boolean)">
            <summary>
            获得目录下所有文件或指定文件类型文件地址  isFullName是确定文件名称还是路径
            </summary>
        </member>
        <member name="M:Temporary_directory_analysis.Project.Linux_Gis.Getbuild(System.String[],System.String)">
            <summary>
            转换格式
            </summary>
            <param name="filename">数据源</param>
            <param name="name">名称</param>
            <returns></returns>
        </member>
        <member name="M:Temporary_directory_analysis.Project.Linux_Gis.GetZtrees(System.Collections.Generic.List{Temporary_directory_analysis.Project.Build})">
            <summary>
            转换成ztree格式
            </summary>
            <param name="builds"></param>
            <returns></returns>
        </member>
        <member name="P:Temporary_directory_analysis.Project.Build.type">
            <summary>
            数据类型
            </summary>
        </member>
        <member name="P:Temporary_directory_analysis.Project.Build.bulidid">
            <summary>
            楼层编号
            </summary>
        </member>
        <member name="P:Temporary_directory_analysis.Project.Build.set">
            <summary>
            室内外
            </summary>
        </member>
        <member name="P:Temporary_directory_analysis.Project.Build.floor">
            <summary>
            楼层
            </summary>
        </member>
        <member name="P:Temporary_directory_analysis.Project.Build.site">
            <summary>
            数据
            </summary>
        </member>
    </members>
</doc>
